"TITLE","ARTICLE LINK","PUBLISHED DATE (GMT)","AUTHOR","PUBLISHER","COUNTRY","CATEGORY","LANGUAGE","DESCRIPTION","IMAGE URL","VIDEO URL"
"Ranaex Exchange Unveils RNAC: A Pioneering Leap in Cryptocurrency","https://techbullion.com/ranaex-exchange-unveils-rnac-a-pioneering-leap-in-cryptocurrency/","2024-04-28 17:53:11","Ahmed Raza","Techbullion","United Kingdom","Top","English","Ranaex Exchange, a leading player in the cryptocurrency market, is proud to announce the launch of its revolutionary digital currency, RNAC, today. This new cryptocurrency is engineered to reshape the financial landscape by providing a robust, scalable, and eco-friendly digital asset option for investors and traders worldwide. Website: https://ranaex.com/ Twitter: https://twitter.com/RANAEX_Official Instagram:https://www.instagram.com/ranaexsingleton/ Support email: support@ranaex.com [...]The post Ranaex Exchange Unveils RNAC: A Pioneering Leap in Cryptocurrency appeared first on TechBullion.","https://techbullion.com/wp-content/uploads/2016/09/TechBullionLogo-3.png",""
"Lessons From The FTX Trial: Regulating CEXs May Not Be Enough To Prevent Bad Actors | Opinion – CryptoInfoNet","https://zephyrnet.com/lessons-from-the-ftx-trial-regulating-cexs-may-not-be-enough-to-prevent-bad-actors-opinion-cryptoinfonet/","2024-04-28 13:22:10","Republished By Plato","Zephyrnet","United States Of America","Top","English","Disclosure: The views and opinions expressed here belong solely to the author and do not represent the views and opinions of crypto.news’ editorial. The fallout from the FTX collapse and the accompanying media circus left unexpected and wide-reaching disruption. Still, the truth is that it expedited the realization that centralized exchanges (CEXs) are broken. How [...]","https://cryptoinfonet.com/wp-content/uploads/2024/04/Lessons-from-the-FTX-trial-Regulating-CEXs-may-not-be.webp.webp",""
"Potential Shiba Inu Rally as Selling Slows, Uniswap & AI Altcoin Strengthen Position","https://en.news4social.com/cryptocurrency-news/potential-shiba-inu-rally-as-selling-slows-uniswap-ai-altcoin-strengthen-position/","2024-04-28 12:00:16","Cryptocurrency News","News4social","India","Top","English","Potential Shiba Inu Rally as Selling Slows, Uniswap & AI Altcoin Strengthen Position After a long wait, its finally time for Shiba Inu (SHIB) to shine. Inspired by a Japanese dog breed, Shiba Inu has been evolving with the times to become one of the best cryptocurrencies to buy in 2024. The meme coin hit [...]","https://www.crypto-news-flash.com/wp-content/uploads/2024/04/unnamed-2024-04-27T102217.717.jpg",""
"FIU Notifies Fresh Money Laundering, Terror Financing Reporting Alerts For Capital Markets","https://www.ndtvprofit.com/markets/fiu-notifies-fresh-money-laundering-terror-financing-reporting-alerts-for-capital-markets","2024-04-28 11:48:52","PTI","Bq Prime","India","Business","English","These new guidelines have been issued under the provisions of the Prevention of Money Laundering Act (PMLA) during the 2022-23 financial year and published in a recently released report that has been accessed by PTI","https://media.assettype.com/bloombergquint/2021-12/3ebee222-1edd-4bda-b1a7-9043d21af69c/iStock_1289580676.jpg",""
"CCIA releases report 'U.S. threats and sabotage to security and development of global cyberspace'","http://www.ecns.cn/news/politics/2024-04-28/detail-ihczzkiq6786421.shtml","2024-04-28 11:22:43","","Ecns Cn","China","Top","English","The China Cybersecurity Industry Alliance released a report entitled on
"Greenhaven Road Capital Main Fund Q1 2024 Investor Letter","https://seekingalpha.com/article/4687102-greenhaven-road-capital-main-fund-q1-2024-investor-letter?source=feed_all_articles","2024-04-28 11:20:00","","Seeking Alpha","Canada","Business","English","","https://static.seekingalpha.com/cdn/s3/uploads/getty_images/2012470266/image_2012470266.jpg?io=getty-c-w750",""
"Unlocking Passive Income: Billion Dollar Jackpot Staking Secrets vs Uniswap and Axie Infinity","https://www.tekedia.com/unlocking-passive-income-billion-dollar-jackpot-staking-secrets-vs-uniswap-and-axie-infinity/","2024-04-28 11:01:06","TI Partners","Tekedia","Nigeria","Top","English","With increasing cost of living standards and a lack of increasing wages, avenues for passive income have become ever more popular. Side hustle opportunities beckon in the cryptocurrency space with projects like Billion Dollar Jackpot, Uniswap, and Axie Infinity leading the charge. Each of these projects offers a unique proposition for investors seeking to capitalize [...]The post Unlocking Passive Income: Billion Dollar Jackpot Staking Secrets vs Uniswap and Axie Infinity appeared first on Tekedia.","https://tkcdn.tekedia.com/wp-content/uploads/2024/04/18162436/billion-dollar-4-768x336.jpg",""
"Institutional Crypto Investors Choose ETFSwap (ETFS) As The Better Alternative To Binance And ByBit","https://www.tekedia.com/institutional-crypto-investors-choose-etfswap-etfs-as-the-better-alternative-to-binance-and-bybit/","2024-04-28 10:00:11","TI Partners","Tekedia","Nigeria","Top","English","Following Binances $4.3 billion legal settlement with the US SEC in November 2023, a change in the institutional adoption of digital assets is afoot. Presently, institutional crypto investors are getting wary of these issues and are moving into a highly rated DeFi platform, ETFSwap (ETFS), as a promising alternative to Binance and ByBit. Binance Gradually [...]The post Institutional Crypto Investors Choose ETFSwap (ETFS) As The Better Alternative To Binance And ByBit appeared first on Tekedia.","https://tkcdn.tekedia.com/wp-content/uploads/2024/04/26130632/etfswap-88-768x428.jpg",""
"Digging into Decentralised Exchanges: Benefits and Challenges","https://zephyrnet.com/digging-into-decentralised-exchanges-benefits-and-challenges/","2024-04-28 09:26:01","Republished By Plato","Zephyrnet","United States Of America","Top","English","It’s hard to imagine a time before decentralised exchanges (DEXs) existed, despite the relatively recent introduction only eight years ago. In 2016, the world was introduced to the first-ever decentralised exchange: EtherDelta. Admittedly, the new decentralised model was extremely basic but was an absolute game-changer, as you can imagine. EtherDelta created the first platform where [...]","https://www.coinbureau.com/_next/image/?url=https%3A%2F%2Fimage.coinbureau.dev%2Fstrapi%2FEther_Delta_7a1ca02988.jpg&w=2048&q=50",""
"FIU notifies fresh money laundering, terror financing reporting alerts for capital markets","https://www.dailyexcelsior.com/fiu-notifies-fresh-money-laundering-terror-financing-reporting-alerts-for-capital-markets/","2024-04-28 08:13:08","Daily Excelsior","Daily Excelsior","India","Top","English","New Delhi, Apr 28: A fresh set of alert indicators have been issued by Indias financial intelligence unit (FIU) for capital markets, insurance companies, online payment gateway intermediaries and crypto currency service providers for effective checking of suspicious transactions in their channels as part of the anti-money laundering and counter-terrorism financing regime. These new guidelines have been issued under the provisions of the Prevention of Money Laundering Act (PMLA) during the 2022-23 financial year and published in a recently released [...]The post FIU notifies fresh money laundering, terror financing reporting alerts for capital markets appeared first on Daily Excelsior.","https://cdndailyexcelsior.b-cdn.net/wp-content/uploads/2024/04/FIU-696x375.jpg",""
